{
  "model": {
    "MAE": 12.864459822341697,
    "RMSE": 17.714905533046505,
    "WAPE_pct": 14.675322098580063
  },
  "naive_last_week": {
    "MAE": 18.449074074074073,
    "RMSE": 25.51279635355125,
    "WAPE_pct": 21.046053094852475
  },
  "cutoff": "2025-10-01",
  "train_rows": 4536,
  "test_rows": 648
}